{
  "degraded": false,
  "prev_score": 0.8012,
  "curr_score": 0.994,
  "delta": 0.19279999999999997,
  "delta_pp": 19.28,
  "degraded_categories": [],
  "timestamp": "2026-06-14T16:18:08.444340"
}